driver_id, name, address
1, John, 123 Main St
2, Alice, 456 Elm St
3, Bob, 789 Oak St
4, David, 101 Pine St
5, Emily, 202 Maple St
6, Frank, 303 Cedar St
7, Grace, 404 Birch St
8, Helen, 505 Redwood St
9, Isaac, 606 Sequoia St
10, James, 707 Walnut St
11, Karen, 808 Magnolia St
12, Larry, 909 Sycamore St
13, Mary, 1010 Cypress St
14, Neil, 1111 Spruce St
15, Olivia, 1212 Willow St
16, Paul, 1313 Poplar St
17, Quinn, 1414 Fir St
18, Rachel, 1515 Redbud St
19, Steve, 1616 Dogwood St
20, Tina, 1717 Juniper St
